-- MySQL dump 10.14  Distrib 5.5.56-MariaDB, for Linux (x86_64)
--
-- Host: localhost    Database: fan
-- ------------------------------------------------------
-- Server version	5.6.42

/*!40101 SET @OLD_CHARACTER_SET_CLIENT=@@CHARACTER_SET_CLIENT */;
/*!40101 SET @OLD_CHARACTER_SET_RESULTS=@@CHARACTER_SET_RESULTS */;
/*!40101 SET @OLD_COLLATION_CONNECTION=@@COLLATION_CONNECTION */;
/*!40101 SET NAMES utf8 */;
/*!40103 SET @OLD_TIME_ZONE=@@TIME_ZONE */;
/*!40103 SET TIME_ZONE='+00:00' */;
/*!40014 SET @OLD_UNIQUE_CHECKS=@@UNIQUE_CHECKS, UNIQUE_CHECKS=0 */;
/*!40014 SET @OLD_FOREIGN_KEY_CHECKS=@@FOREIGN_KEY_CHECKS, FOREIGN_KEY_CHECKS=0 */;
/*!40101 SET @OLD_SQL_MODE=@@SQL_MODE, SQL_MODE='NO_AUTO_VALUE_ON_ZERO' */;
/*!40111 SET @OLD_SQL_NOTES=@@SQL_NOTES, SQL_NOTES=0 */;

--
-- Current Database: `fan`
--

CREATE DATABASE /*!32312 IF NOT EXISTS*/ `fan` /*!40100 DEFAULT CHARACTER SET utf8 */;

USE `fan`;

--
-- Table structure for table `course`
--

DROP TABLE IF EXISTS `course`;
/*!40101 SET @saved_cs_client     = @@character_set_client */;
/*!40101 SET character_set_client = utf8 */;
CREATE TABLE `course` (
  `cno` varchar(20) NOT NULL,
  `cname` varchar(20) NOT NULL,
  `tno` varchar(20) NOT NULL,
  PRIMARY KEY (`cno`),
  KEY `tno` (`tno`),
  CONSTRAINT `course_ibfk_1` FOREIGN KEY (`tno`) REFERENCES `teacher` (`tno`)
) ENGINE=InnoDB DEFAULT CHARSET=utf8;
/*!40101 SET character_set_client = @saved_cs_client */;

--
-- Dumping data for table `course`
--

LOCK TABLES `course` WRITE;
/*!40000 ALTER TABLE `course` DISABLE KEYS */;
INSERT INTO `course` VALUES ('3-105','计算机导论','825'),('3-245','操作系统','804'),('6-166','数字电路','856'),('9-888','高等数学','831');
/*!40000 ALTER TABLE `course` ENABLE KEYS */;
UNLOCK TABLES;

--
-- Table structure for table `score`
--

DROP TABLE IF EXISTS `score`;
/*!40101 SET @saved_cs_client     = @@character_set_client */;
/*!40101 SET character_set_client = utf8 */;
CREATE TABLE `score` (
  `sno` varchar(20) NOT NULL,
  `cno` varchar(20) NOT NULL,
  `degree` decimal(10,0) DEFAULT NULL,
  KEY `sno` (`sno`),
  KEY `cno` (`cno`),
  CONSTRAINT `score_ibfk_1` FOREIGN KEY (`sno`) REFERENCES `student` (`sno`),
  CONSTRAINT `score_ibfk_2` FOREIGN KEY (`cno`) REFERENCES `course` (`cno`)
) ENGINE=InnoDB DEFAULT CHARSET=utf8;
/*!40101 SET character_set_client = @saved_cs_client */;

--
-- Dumping data for table `score`
--

LOCK TABLES `score` WRITE;
/*!40000 ALTER TABLE `score` DISABLE KEYS */;
INSERT INTO `score` VALUES ('103','3-245',86),('105','3-245',75),('109','3-245',68),('103','3-105',92),('105','3-105',88),('109','3-105',76),('103','3-105',64),('105','3-105',91),('109','3-105',78),('103','6-166',85),('105','6-166',79),('109','6-166',81);
/*!40000 ALTER TABLE `score` ENABLE KEYS */;
UNLOCK TABLES;

--
-- Table structure for table `student`
--

DROP TABLE IF EXISTS `student`;
/*!40101 SET @saved_cs_client     = @@character_set_client */;
/*!40101 SET character_set_client = utf8 */;
CREATE TABLE `student` (
  `sno` varchar(20) NOT NULL,
  `sname` varchar(20) NOT NULL,
  `ssex` varchar(20) NOT NULL,
  `sbirthday` datetime DEFAULT NULL,
  `class` varchar(20) DEFAULT NULL,
  PRIMARY KEY (`sno`)
) ENGINE=InnoDB DEFAULT CHARSET=utf8;
/*!40101 SET character_set_client = @saved_cs_client */;

--
-- Dumping data for table `student`
--

LOCK TABLES `student` WRITE;
/*!40000 ALTER TABLE `student` DISABLE KEYS */;
INSERT INTO `student` VALUES ('101','李军','男','1976-02-20 00:00:00','95033'),('103','陆君','男','1974-06-03 00:00:00','95031'),('105','匡明','男','1975-10-02 00:00:00','95031'),('107','王丽','女','1976-01-23 00:00:00','95033'),('108','曾华','男','1977-09-01 00:00:00','95033'),('109','王芳','女','1975-02-10 00:00:00','95031');
/*!40000 ALTER TABLE `student` ENABLE KEYS */;
UNLOCK TABLES;

--
-- Table structure for table `teacher`
--

DROP TABLE IF EXISTS `teacher`;
/*!40101 SET @saved_cs_client     = @@character_set_client */;
/*!40101 SET character_set_client = utf8 */;
CREATE TABLE `teacher` (
  `tno` varchar(20) NOT NULL,
  `tname` varchar(20) NOT NULL,
  `tsex` varchar(20) NOT NULL,
  `tbirthday` datetime DEFAULT NULL,
  `prof` varchar(20) DEFAULT NULL,
  `depart` varchar(20) NOT NULL,
  PRIMARY KEY (`tno`)
) ENGINE=InnoDB DEFAULT CHARSET=utf8;
/*!40101 SET character_set_client = @saved_cs_client */;

--
-- Dumping data for table `teacher`
--

LOCK TABLES `teacher` WRITE;
/*!40000 ALTER TABLE `teacher` DISABLE KEYS */;
INSERT INTO `teacher` VALUES ('804','李诚','男','1958-12-02 00:00:00','副教授','计算机系'),('825','王萍','女','1972-05-05 00:00:00','助教','计算机系'),('831','刘冰','女','1977-08-14 00:00:00','助教','电子工程系'),('856','张旭','男','1969-03-12 00:00:00','讲师','电子工程系');
/*!40000 ALTER TABLE `teacher` ENABLE KEYS */;
UNLOCK TABLES;
/*!40103 SET TIME_ZONE=@OLD_TIME_ZONE */;

/*!40101 SET SQL_MODE=@OLD_SQL_MODE */;
/*!40014 SET FOREIGN_KEY_CHECKS=@OLD_FOREIGN_KEY_CHECKS */;
/*!40014 SET UNIQUE_CHECKS=@OLD_UNIQUE_CHECKS */;
/*!40101 SET CHARACTER_SET_CLIENT=@OLD_CHARACTER_SET_CLIENT */;
/*!40101 SET CHARACTER_SET_RESULTS=@OLD_CHARACTER_SET_RESULTS */;
/*!40101 SET COLLATION_CONNECTION=@OLD_COLLATION_CONNECTION */;
/*!40111 SET SQL_NOTES=@OLD_SQL_NOTES */;

-- Dump completed on 2018-12-01 20:23:12
